{
  "version": "5",
  "dialect": "pg",
  "entries": [
    {
      "idx": 0,
      "version": "5",
      "when": 1724853916575,
      "tag": "0000_soft_payback",
      "breakpoints": true
    },
    {
      "idx": 1,
      "version": "5",
      "when": 1724854917956,
      "tag": "0001_dashing_energizer",
      "breakpoints": true
    },
    {
      "idx": 2,
      "version": "5",
      "when": 1726374755265,
      "tag": "0002_dizzy_crusher_hogan",
      "breakpoints": true
    },
    {
      "idx": 3,
      "version": "5",
      "when": 1726841302801,
      "tag": "0003_watery_sleeper",
      "breakpoints": true
    }
  ]
}